,model_dir_parent,model_name,test Accuracy,test F1 score bin,test Loss,test Precision,test Recall,valid Accuracy,valid F1 score bin,valid Loss,valid Precision,valid Recall
0,data/hate/pl-10-redditdedup/models/sp25k,lstm_ft6_cl20_lmseed-0-ftseed-0-clsweightseed-0-clstrainseed-0.m,0.8960000276565552,0.6060606241226196,0.49257126,0.6153846383094788,0.5970149040222168,0.8959276080131531,0.4588235318660736,0.5140798,0.3644859790802002,0.6190476417541504
1,data/hate/pl-10-redditdedup/models/sp25k,lstm_ft6_cl20_lmseed-0-ftseed-0-clsweightseed-0-clstrainseed-1.m,0.8889999985694885,0.5194804668426514,0.46045718,0.6185566782951355,0.447761207818985,0.9196832776069641,0.48175182938575745,0.37611753,0.44594594836235046,0.523809552192688
2,data/hate/pl-10-redditdedup/models/sp25k,lstm_ft6_cl20_lmseed-0-ftseed-0-clsweightseed-0-clstrainseed-2.m,0.8989999890327454,0.5258216261863708,0.5829702,0.7088607549667358,0.41791045665740967,0.9287330508232117,0.5594406127929688,0.42351446,0.5,0.6349206566810608
3,data/hate/pl-10-redditdedup/models/sp25k,lstm_ft6_cl20_lmseed-0-ftseed-0-clsweightseed-0-clstrainseed-3.m,0.8949999809265137,0.5116279125213623,0.45190844,0.6790123581886292,0.41044774651527405,0.9095022678375244,0.43661969900131226,0.37993374,0.39240506291389465,0.4920634925365448
4,data/hate/pl-10-redditdedup/models/sp25k,lstm_ft6_cl20_lmseed-0-ftseed-0-clsweightseed-0-clstrainseed-4.m,0.8939999938011169,0.5092592239379883,0.5205326,0.6707317233085632,0.41044774651527405,0.9140271544456482,0.4571428894996643,0.41373253,0.41558441519737244,0.5079365372657776
5,data/hate/pl-10-redditdedup/models/sp25k,lstm_ft6_cl20_lmseed-0-ftseed-0-clsweightseed-0-clstrainseed-5.m,0.8930000066757202,0.610909104347229,0.4421609,0.5957446694374084,0.6268656849861145,0.8834841847419739,0.4491978883743286,0.4641991,0.33870968222618103,0.6666666865348816
6,data/hate/pl-10-redditdedup/models/sp25k,lstm_ft6_cl20_lmseed-0-ftseed-0-clsweightseed-0-clstrainseed-6.m,0.8980000019073486,0.5,0.7442279,0.7285714149475098,0.3805970251560211,0.9196832776069641,0.4580152630805969,0.5635503,0.44117647409439087,0.4761904776096344
7,data/hate/pl-10-redditdedup/models/sp25k,lstm_ft6_cl20_lmseed-0-ftseed-0-clsweightseed-0-clstrainseed-7.m,0.8889999985694885,0.4637680947780609,0.6317285,0.6575342416763306,0.35820895433425903,0.9208144545555115,0.4776119291782379,0.53312296,0.4507042169570923,0.5079365372657776
8,data/hate/pl-10-redditdedup/models/sp25k,lstm_ft6_cl20_lmseed-0-ftseed-0-clsweightseed-0-clstrainseed-8.m,0.878000020980835,0.5481481552124023,0.51238894,0.5441176295280457,0.5522388219833374,0.9004524946212769,0.48837214708328247,0.46092102,0.38532111048698425,0.6666666865348816
9,data/hate/pl-10-redditdedup/models/sp25k,lstm_ft6_cl20_lmseed-0-ftseed-0-clsweightseed-0-clstrainseed-9.m,0.8939999938011169,0.60447758436203,0.28530225,0.60447758436203,0.60447758436203,0.8925339579582214,0.49197864532470703,0.25117576,0.3709677457809448,0.7301587462425232
10,data/hate/pl-10-redditdedup/models/sp25k,lstm_ft6_cl20_lmseed-0-ftseed-0-clsweightseed-1-clstrainseed-0.m,0.9020000100135803,0.5050504803657532,0.7930111,0.78125,0.3731343150138855,0.9276018142700195,0.4754098057746887,0.56843156,0.49152541160583496,0.460317462682724
11,data/hate/pl-10-redditdedup/models/sp25k,lstm_ft6_cl20_lmseed-0-ftseed-0-clsweightseed-2-clstrainseed-0.m,0.8970000147819519,0.5296803116798401,0.69098127,0.6823529601097107,0.43283581733703613,0.9242081642150879,0.49624061584472656,0.51648855,0.4714285731315613,0.523809552192688
12,data/hate/pl-10-redditdedup/models/sp25k,lstm_ft6_cl20_lmseed-0-ftseed-0-clsweightseed-3-clstrainseed-0.m,0.8880000114440918,0.5333333611488342,0.64732224,0.6037735939025879,0.4776119291782379,0.9117646813392639,0.4729729890823364,0.4780432,0.4117647111415863,0.5555555820465088
13,data/hate/pl-10-redditdedup/models/sp25k,lstm_ft6_cl20_lmseed-0-ftseed-0-clsweightseed-4-clstrainseed-0.m,0.8899999856948853,0.4859813153743744,0.67419875,0.6499999761581421,0.38805970549583435,0.9208144545555115,0.4776119291782379,0.5309116,0.4507042169570923,0.5079365372657776
14,data/hate/pl-10-redditdedup/models/sp25k,lstm_ft6_cl20_lmseed-0-ftseed-0-clsweightseed-5-clstrainseed-0.m,0.8880000114440918,0.5,0.51295114,0.6222222447395325,0.41791045665740967,0.9219456911087036,0.48120301961898804,0.3671819,0.4571428596973419,0.5079365372657776
15,data/hate/pl-10-redditdedup/models/sp25k,lstm_ft6_cl20_lmseed-0-ftseed-0-clsweightseed-6-clstrainseed-0.m,0.8870000243186951,0.5108224749565125,0.43071014,0.6082473993301392,0.44029849767684937,0.9276018142700195,0.529411792755127,0.3108056,0.4931506812572479,0.5714285969734192
16,data/hate/pl-10-redditdedup/models/sp25k,lstm_ft6_cl20_lmseed-0-ftseed-0-clsweightseed-7-clstrainseed-0.m,0.8790000081062317,0.3980099558830261,0.5517662,0.5970149040222168,0.2985074520111084,0.9276018142700195,0.4754098057746887,0.30949485,0.49152541160583496,0.460317462682724
17,data/hate/pl-10-redditdedup/models/sp25k,lstm_ft6_cl20_lmseed-0-ftseed-0-clsweightseed-8-clstrainseed-0.m,0.8740000128746033,0.5799999833106995,0.44944414,0.5240963697433472,0.6492537260055542,0.8857465982437134,0.4820512533187866,0.45414707,0.35606059432029724,0.7460317611694336
18,data/hate/pl-10-redditdedup/models/sp25k,lstm_ft6_cl20_lmseed-0-ftseed-0-clsweightseed-9-clstrainseed-0.m,0.8920000195503235,0.5384615063667297,0.5109635,0.6299999952316284,0.4701492488384247,0.9106335043907166,0.46258506178855896,0.3842422,0.4047619104385376,0.5396825671195984
19,data/hate/pl-10-redditdedup/models/sp25k,lstm_ft6_cl20_lmseed-1-ftseed-0-clsweightseed-0-clstrainseed-0.m,0.9010000228881836,0.5857740640640259,0.39916468,0.6666666865348816,0.5223880410194397,0.9151583909988403,0.4966443181037903,0.2951491,0.43023255467414856,0.5873016119003296
20,data/hate/pl-10-redditdedup/models/sp25k,lstm_ft6_cl20_lmseed-1-ftseed-0-clsweightseed-0-clstrainseed-1.m,0.8949999809265137,0.5531914830207825,0.60127985,0.6435643434524536,0.48507463932037354,0.912895917892456,0.48322147130966187,0.46875146,0.41860464215278625,0.5714285969734192
21,data/hate/pl-10-redditdedup/models/sp25k,lstm_ft6_cl20_lmseed-1-ftseed-0-clsweightseed-0-clstrainseed-2.m,0.8460000157356262,0.52173912525177,0.4102856,0.44680851697921753,0.6268656849861145,0.8653846383094788,0.4306219816207886,0.4005184,0.30821916460990906,0.7142857313156128
22,data/hate/pl-10-redditdedup/models/sp25k,lstm_ft6_cl20_lmseed-1-ftseed-0-clsweightseed-0-clstrainseed-3.m,0.8949999809265137,0.5291479825973511,0.65748537,0.6629213690757751,0.44029849767684937,0.9174208045005798,0.4748201370239258,0.48315486,0.43421053886413574,0.523809552192688
23,data/hate/pl-10-redditdedup/models/sp25k,lstm_ft6_cl20_lmseed-1-ftseed-0-clsweightseed-0-clstrainseed-4.m,0.8799999952316284,0.5488722324371338,0.52092385,0.5530303120613098,0.5447761416435242,0.8970588445663452,0.4276729226112366,0.5158056,0.3541666567325592,0.5396825671195984
24,data/hate/pl-10-redditdedup/models/sp25k,lstm_ft6_cl20_lmseed-1-ftseed-0-clsweightseed-0-clstrainseed-5.m,0.890999972820282,0.5551020503044128,0.40839234,0.6126126050949097,0.5074626803398132,0.9061086177825928,0.5029940605163574,0.32608804,0.4038461446762085,0.6666666865348816
25,data/hate/pl-10-redditdedup/models/sp25k,lstm_ft6_cl20_lmseed-1-ftseed-0-clsweightseed-0-clstrainseed-6.m,0.8759999871253967,0.5838926434516907,0.56513727,0.5304877758026123,0.6492537260055542,0.8710407018661499,0.43564358353614807,0.48767248,0.316546767950058,0.6984127163887024
26,data/hate/pl-10-redditdedup/models/sp25k,lstm_ft6_cl20_lmseed-1-ftseed-0-clsweightseed-0-clstrainseed-7.m,0.8870000243186951,0.5568627119064331,0.3924484,0.586776852607727,0.5298507213592529,0.8970588445663452,0.4276729226112366,0.33822313,0.3541666567325592,0.5396825671195984
27,data/hate/pl-10-redditdedup/models/sp25k,lstm_ft6_cl20_lmseed-1-ftseed-0-clsweightseed-0-clstrainseed-8.m,0.8889999985694885,0.4422110319137573,0.7646304,0.6769230961799622,0.3283582031726837,0.9287330508232117,0.4615384638309479,0.45410848,0.5,0.4285714328289032
28,data/hate/pl-10-redditdedup/models/sp25k,lstm_ft6_cl20_lmseed-1-ftseed-0-clsweightseed-0-clstrainseed-9.m,0.8939999938011169,0.5759999752044678,0.446383,0.6206896305084229,0.5373134613037109,0.9117646813392639,0.465753436088562,0.30979514,0.40963855385780334,0.5396825671195984
29,data/hate/pl-10-redditdedup/models/sp25k,lstm_ft6_cl20_lmseed-1-ftseed-0-clsweightseed-1-clstrainseed-0.m,0.8980000019073486,0.5785123705863953,0.58502066,0.6481481194496155,0.5223880410194397,0.9117646813392639,0.4729729890823364,0.44560984,0.4117647111415863,0.5555555820465088
30,data/hate/pl-10-redditdedup/models/sp25k,lstm_ft6_cl20_lmseed-1-ftseed-0-clsweightseed-2-clstrainseed-0.m,0.8880000114440918,0.5409835577011108,0.5871398,0.6000000238418579,0.49253731966018677,0.9140271544456482,0.4794520437717438,0.44776618,0.42168673872947693,0.5555555820465088
31,data/hate/pl-10-redditdedup/models/sp25k,lstm_ft6_cl20_lmseed-1-ftseed-0-clsweightseed-3-clstrainseed-0.m,0.9020000100135803,0.5420560836791992,0.41067028,0.7250000238418579,0.43283581733703613,0.9377828240394592,0.5299145579338074,0.26521587,0.5740740895271301,0.4920634925365448
32,data/hate/pl-10-redditdedup/models/sp25k,lstm_ft6_cl20_lmseed-1-ftseed-0-clsweightseed-4-clstrainseed-0.m,0.8889999985694885,0.5194804668426514,0.43116975,0.6185566782951355,0.447761207818985,0.9061086177825928,0.4575163722038269,0.35018638,0.3888888955116272,0.5555555820465088
33,data/hate/pl-10-redditdedup/models/sp25k,lstm_ft6_cl20_lmseed-1-ftseed-0-clsweightseed-5-clstrainseed-0.m,0.8930000066757202,0.5023255944252014,0.7684026,0.6666666865348816,0.4029850661754608,0.9242081642150879,0.4806201756000519,0.48841855,0.469696968793869,0.4920634925365448
34,data/hate/pl-10-redditdedup/models/sp25k,lstm_ft6_cl20_lmseed-1-ftseed-0-clsweightseed-6-clstrainseed-0.m,0.8759999871253967,0.5507246255874634,0.5391779,0.5352112650871277,0.5671641826629639,0.8880090713500977,0.4648648798465729,0.45977494,0.35245901346206665,0.682539701461792
35,data/hate/pl-10-redditdedup/models/sp25k,lstm_ft6_cl20_lmseed-1-ftseed-0-clsweightseed-7-clstrainseed-0.m,0.8820000290870667,0.5661764144897461,0.43243152,0.5579710006713867,0.5746268630027771,0.889140248298645,0.478723406791687,0.33905092,0.36000001430511475,0.7142857313156128
36,data/hate/pl-10-redditdedup/models/sp25k,lstm_ft6_cl20_lmseed-1-ftseed-0-clsweightseed-8-clstrainseed-0.m,0.8899999856948853,0.5258620977401733,0.7505546,0.6224489808082581,0.4552238881587982,0.9174208045005798,0.451127827167511,0.6302167,0.4285714328289032,0.4761904776096344
37,data/hate/pl-10-redditdedup/models/sp25k,lstm_ft6_cl20_lmseed-1-ftseed-0-clsweightseed-9-clstrainseed-0.m,0.9010000228881836,0.5787233710289001,0.6420564,0.6732673048973083,0.5074626803398132,0.9151583909988403,0.4680851399898529,0.4959401,0.42307692766189575,0.523809552192688
38,data/hate/pl-10-redditdedup/models/sp25k,lstm_ft6_cl6_lmseed-0-ftseed-0-clsweightseed-0-clstrainseed-0.m,0.8880000114440918,0.5789473652839661,0.34563744,0.5833333134651184,0.5746268630027771,0.8993212580680847,0.49717509746551514,0.31412923,0.38596490025520325,0.6984127163887024
39,data/hate/pl-10-redditdedup/models/sp25k,lstm_ft6_cl6_lmseed-0-ftseed-0-clsweightseed-0-clstrainseed-1.m,0.8970000147819519,0.5960784554481506,0.38948694,0.6280992031097412,0.5671641826629639,0.9106335043907166,0.5093167424201965,0.39900228,0.4183673560619354,0.6507936716079712
40,data/hate/pl-10-redditdedup/models/sp25k,lstm_ft6_cl6_lmseed-0-ftseed-0-clsweightseed-0-clstrainseed-2.m,0.8870000243186951,0.5498008131980896,0.5173976,0.5897436141967773,0.5149253606796265,0.9004524946212769,0.5000000596046448,0.41316536,0.389380544424057,0.6984127163887024
41,data/hate/pl-10-redditdedup/models/sp25k,lstm_ft6_cl6_lmseed-0-ftseed-0-clsweightseed-0-clstrainseed-3.m,0.8899999856948853,0.5338982939720154,0.46930513,0.6176470518112183,0.4701492488384247,0.9196832776069641,0.503496527671814,0.3941903,0.44999998807907104,0.5714285969734192
42,data/hate/pl-10-redditdedup/models/sp25k,lstm_ft6_cl6_lmseed-0-ftseed-0-clsweightseed-0-clstrainseed-4.m,0.8880000114440918,0.5658915042877197,0.37189543,0.5887096524238586,0.5447761416435242,0.9061086177825928,0.4907975494861603,0.30280504,0.4000000059604645,0.6349206566810608
43,data/hate/pl-10-redditdedup/models/sp25k,lstm_ft6_cl6_lmseed-0-ftseed-0-clsweightseed-0-clstrainseed-5.m,0.890999972820282,0.5361701846122742,0.48245764,0.6237623691558838,0.4701492488384247,0.9162895679473877,0.47887325286865234,0.41725296,0.4303797483444214,0.5396825671195984
44,data/hate/pl-10-redditdedup/models/sp25k,lstm_ft6_cl6_lmseed-0-ftseed-0-clsweightseed-0-clstrainseed-6.m,0.8920000195503235,0.530434787273407,0.507028,0.6354166865348816,0.4552238881587982,0.9151583909988403,0.4680851399898529,0.37567553,0.42307692766189575,0.523809552192688
45,data/hate/pl-10-redditdedup/models/sp25k,lstm_ft6_cl6_lmseed-0-ftseed-0-clsweightseed-0-clstrainseed-7.m,0.9010000228881836,0.5714285969734192,0.42312333,0.6804123520851135,0.49253731966018677,0.9072397947311401,0.4675324857234955,0.360482,0.3956044018268585,0.5714285969734192
46,data/hate/pl-10-redditdedup/models/sp25k,lstm_ft6_cl6_lmseed-0-ftseed-0-clsweightseed-0-clstrainseed-8.m,0.8930000066757202,0.5407724976539612,0.48865741,0.6363636255264282,0.4701492488384247,0.9061086177825928,0.4195804297924042,0.41312218,0.375,0.4761904776096344
47,data/hate/pl-10-redditdedup/models/sp25k,lstm_ft6_cl6_lmseed-0-ftseed-0-clsweightseed-0-clstrainseed-9.m,0.8949999809265137,0.5643153190612793,0.36665866,0.6355140209197998,0.5074626803398132,0.9117646813392639,0.4729729890823364,0.29900357,0.4117647111415863,0.5555555820465088
48,data/hate/pl-10-redditdedup/models/sp25k,lstm_ft6_cl6_lmseed-0-ftseed-0-clsweightseed-1-clstrainseed-0.m,0.8880000114440918,0.5254237651824951,0.4642694,0.6078431606292725,0.46268656849861145,0.9106335043907166,0.4768211841583252,0.40920863,0.40909090638160706,0.5714285969734192
49,data/hate/pl-10-redditdedup/models/sp25k,lstm_ft6_cl6_lmseed-0-ftseed-0-clsweightseed-2-clstrainseed-0.m,0.8840000033378601,0.5166666507720947,0.45800516,0.5849056839942932,0.46268656849861145,0.9151583909988403,0.503311276435852,0.33957234,0.4318181872367859,0.60317462682724
50,data/hate/pl-10-redditdedup/models/sp25k,lstm_ft6_cl6_lmseed-0-ftseed-0-clsweightseed-3-clstrainseed-0.m,0.9020000100135803,0.5420560836791992,0.3888464,0.7250000238418579,0.43283581733703613,0.9264705777168274,0.5323741436004639,0.3330121,0.4868420958518982,0.5873016119003296
51,data/hate/pl-10-redditdedup/models/sp25k,lstm_ft6_cl6_lmseed-0-ftseed-0-clsweightseed-4-clstrainseed-0.m,0.8840000033378601,0.5284552574157715,0.4429056,0.5803571343421936,0.48507463932037354,0.9162895679473877,0.4714285731315613,0.37972072,0.4285714328289032,0.523809552192688
52,data/hate/pl-10-redditdedup/models/sp25k,lstm_ft6_cl6_lmseed-0-ftseed-0-clsweightseed-5-clstrainseed-0.m,0.8539999723434448,0.5320512652397156,0.38631946,0.466292142868042,0.6194030046463013,0.8733031749725342,0.46666669845581055,0.38522115,0.3333333432674408,0.7777777910232544
53,data/hate/pl-10-redditdedup/models/sp25k,lstm_ft6_cl6_lmseed-0-ftseed-0-clsweightseed-6-clstrainseed-0.m,0.8880000114440918,0.517241358757019,0.4525387,0.6122449040412903,0.447761207818985,0.9162895679473877,0.47887325286865234,0.35732198,0.4303797483444214,0.5396825671195984
54,data/hate/pl-10-redditdedup/models/sp25k,lstm_ft6_cl6_lmseed-0-ftseed-0-clsweightseed-7-clstrainseed-0.m,0.8820000290870667,0.4913793206214905,0.45517164,0.581632673740387,0.4253731369972229,0.9151583909988403,0.46043166518211365,0.36751106,0.42105263471603394,0.5079365372657776
55,data/hate/pl-10-redditdedup/models/sp25k,lstm_ft6_cl6_lmseed-0-ftseed-0-clsweightseed-8-clstrainseed-0.m,0.8989999890327454,0.5738396644592285,0.4653167,0.6601941585540771,0.5074626803398132,0.9117646813392639,0.493506520986557,0.39965466,0.4175824224948883,0.60317462682724
56,data/hate/pl-10-redditdedup/models/sp25k,lstm_ft6_cl6_lmseed-0-ftseed-0-clsweightseed-9-clstrainseed-0.m,0.8859999775886536,0.5249999761581421,0.47570008,0.5943396091461182,0.4701492488384247,0.9162895679473877,0.4714285731315613,0.3735655,0.4285714328289032,0.523809552192688
57,data/hate/pl-10-redditdedup/models/sp25k,lstm_ft6_cl6_lmseed-1-ftseed-0-clsweightseed-0-clstrainseed-0.m,0.9010000228881836,0.6055777072906494,0.43333903,0.6495726704597473,0.5671641826629639,0.9072397947311401,0.4743589758872986,0.37884486,0.3978494703769684,0.5873016119003296
58,data/hate/pl-10-redditdedup/models/sp25k,lstm_ft6_cl6_lmseed-1-ftseed-0-clsweightseed-0-clstrainseed-1.m,0.8859999775886536,0.5403226017951965,0.48415968,0.5877193212509155,0.5,0.9219456911087036,0.50359708070755,0.35576484,0.46052631735801697,0.5555555820465088
59,data/hate/pl-10-redditdedup/models/sp25k,lstm_ft6_cl6_lmseed-1-ftseed-0-clsweightseed-0-clstrainseed-2.m,0.8880000114440918,0.5483871102333069,0.47872245,0.5964912176132202,0.5074626803398132,0.9095022678375244,0.47368425130844116,0.37692067,0.40449437499046326,0.5714285969734192
60,data/hate/pl-10-redditdedup/models/sp25k,lstm_ft6_cl6_lmseed-1-ftseed-0-clsweightseed-0-clstrainseed-3.m,0.8859999775886536,0.5808823704719543,0.48320222,0.5724637508392334,0.5895522236824036,0.8970588445663452,0.5027322769165039,0.41399074,0.38333332538604736,0.7301587462425232
61,data/hate/pl-10-redditdedup/models/sp25k,lstm_ft6_cl6_lmseed-1-ftseed-0-clsweightseed-0-clstrainseed-4.m,0.8899999856948853,0.5736434459686279,0.48983184,0.5967742204666138,0.5522388219833374,0.8959276080131531,0.4457831382751465,0.4160114,0.35922330617904663,0.5873016119003296
62,data/hate/pl-10-redditdedup/models/sp25k,lstm_ft6_cl6_lmseed-1-ftseed-0-clsweightseed-0-clstrainseed-5.m,0.8539999723434448,0.5548780560493469,0.4840099,0.469072163105011,0.6791045069694519,0.8518099784851074,0.41777777671813965,0.46999988,0.29012346267700195,0.7460317611694336
63,data/hate/pl-10-redditdedup/models/sp25k,lstm_ft6_cl6_lmseed-1-ftseed-0-clsweightseed-0-clstrainseed-6.m,0.8970000147819519,0.5761317014694214,0.48531348,0.642201840877533,0.5223880410194397,0.9151583909988403,0.4897959530353546,0.38196722,0.4285714328289032,0.5714285969734192
64,data/hate/pl-10-redditdedup/models/sp25k,lstm_ft6_cl6_lmseed-1-ftseed-0-clsweightseed-0-clstrainseed-7.m,0.8970000147819519,0.592885434627533,0.45101014,0.6302521228790283,0.5597015023231506,0.9061086177825928,0.47133758664131165,0.3809327,0.39361703395843506,0.5873016119003296
65,data/hate/pl-10-redditdedup/models/sp25k,lstm_ft6_cl6_lmseed-1-ftseed-0-clsweightseed-0-clstrainseed-8.m,0.890999972820282,0.5657370686531067,0.41906154,0.6068376302719116,0.5298507213592529,0.8925339579582214,0.43113774061203003,0.37340918,0.3461538553237915,0.5714285969734192
66,data/hate/pl-10-redditdedup/models/sp25k,lstm_ft6_cl6_lmseed-1-ftseed-0-clsweightseed-0-clstrainseed-9.m,0.8970000147819519,0.5726141333580017,0.46064073,0.644859790802002,0.5149253606796265,0.9072397947311401,0.48750001192092896,0.41886187,0.4020618498325348,0.6190476417541504
67,data/hate/pl-10-redditdedup/models/sp25k,lstm_ft6_cl6_lmseed-1-ftseed-0-clsweightseed-1-clstrainseed-0.m,0.8859999775886536,0.5169491767883301,0.48720878,0.5980392098426819,0.4552238881587982,0.9174208045005798,0.48951050639152527,0.3597721,0.4375,0.5555555820465088
68,data/hate/pl-10-redditdedup/models/sp25k,lstm_ft6_cl6_lmseed-1-ftseed-0-clsweightseed-2-clstrainseed-0.m,0.8930000066757202,0.5668015480041504,0.48072958,0.6194690465927124,0.5223880410194397,0.9106335043907166,0.5093167424201965,0.3752675,0.4183673560619354,0.6507936716079712
69,data/hate/pl-10-redditdedup/models/sp25k,lstm_ft6_cl6_lmseed-1-ftseed-0-clsweightseed-3-clstrainseed-0.m,0.8889999985694885,0.5647059679031372,0.50337416,0.5950413346290588,0.5373134613037109,0.9049773812294006,0.44736844301223755,0.3897869,0.3820224702358246,0.5396825671195984
70,data/hate/pl-10-redditdedup/models/sp25k,lstm_ft6_cl6_lmseed-1-ftseed-0-clsweightseed-4-clstrainseed-0.m,0.8889999985694885,0.5963636636734009,0.36676532,0.5815602540969849,0.611940324306488,0.8823529481887817,0.44086021184921265,0.35186893,0.3333333432674408,0.6507936716079712
71,data/hate/pl-10-redditdedup/models/sp25k,lstm_ft6_cl6_lmseed-1-ftseed-0-clsweightseed-5-clstrainseed-0.m,0.8949999809265137,0.560669481754303,0.55068314,0.6380952596664429,0.5,0.9151583909988403,0.4897959530353546,0.40201417,0.4285714328289032,0.5714285969734192
72,data/hate/pl-10-redditdedup/models/sp25k,lstm_ft6_cl6_lmseed-1-ftseed-0-clsweightseed-6-clstrainseed-0.m,0.8889999985694885,0.5963636636734009,0.34800765,0.5815602540969849,0.611940324306488,0.8857465982437134,0.4419889748096466,0.33873016,0.33898305892944336,0.6349206566810608
73,data/hate/pl-10-redditdedup/models/sp25k,lstm_ft6_cl6_lmseed-1-ftseed-0-clsweightseed-7-clstrainseed-0.m,0.8989999890327454,0.5665236115455627,0.4447608,0.6666666865348816,0.49253731966018677,0.9140271544456482,0.4933333396911621,0.3456908,0.4252873659133911,0.5873016119003296
74,data/hate/pl-10-redditdedup/models/sp25k,lstm_ft6_cl6_lmseed-1-ftseed-0-clsweightseed-8-clstrainseed-0.m,0.8899999856948853,0.5491803288459778,0.382213,0.6090909242630005,0.5,0.912895917892456,0.48322147130966187,0.3119071,0.41860464215278625,0.5714285969734192
75,data/hate/pl-10-redditdedup/models/sp25k,lstm_ft6_cl6_lmseed-1-ftseed-0-clsweightseed-9-clstrainseed-0.m,0.9010000228881836,0.5822784304618835,0.47316235,0.6699029207229614,0.5149253606796265,0.9219456911087036,0.47328245639801025,0.34634393,0.45588234066963196,0.4920634925365448
